time,displacement,velocity,acceleration
0.0,0.0,0.0,1.5
0.01,7.531283706970135e-05,0.015093466339949633,1.518539704339232
0.02,0.00030247194733249436,0.03036771527891376,1.53615577778891
0.03,0.0006832389028216198,0.04581348896348489,1.5528439830433058
0.04,0.0012192824923324369,0.06142148931578396,1.568600512577621
0.05,0.0019121783406723738,0.07718238233287951,1.583421988939597
0.06,0.002763408570916614,0.09308680238821235,1.5973054648590364
0.07,0.0037743615096804744,0.10912535653320606,1.6102484231755108
0.08,0.004946331435401247,0.12528862879724698,1.6222487765846005
0.09,0.006280518369604134,0.1415671844842209,1.6333048672030894
0.1,0.0077780279111087985,0.1579515744637986,1.643415465953614
0.11,0.009439871113114997,0.17443233945566744,1.6525797717693365
0.12,0.01126696440308778,0.19100001430491254,1.660797410619281
0.13,0.013260129545344772,0.20764513224675737,1.6680684343550578
0.14,0.015420093646230251,0.22435822915888215,1.674393319379754
0.15,0.017747489201742885,0.24112984779954516,1.679772965139865
0.16,0.02024285418746634,0.25795054202974266,1.6842086924411859
0.17,0.022906632190634376,0.2748108810176517,1.6877022415896807
0.18,0.0257391725841445,0.29170145342361076,1.6902557703583925
0.19,0.028740730742316884,0.3086128715639046,1.6918718517815539
0.2,0.03191146829817797,0.32553577555163127,1.6925534717770978
0.21,0.035251453442031025,0.34246083741294153,1.692304026598869
0.22,0.03876066126105892,0.35937876517695433,1.691127320119879
0.23,0.04243897411968735,0.3762803069376663,1.6890275609480327
0.24,0.046286182080420235,0.39315625488618655,1.6860093593758099
0.25,0.05030198336484216,0.40999744931164517,1.6820777241654659
0.26,0.05448598485446646,0.42679478256913744,1.6772380591713658
0.27,0.05883770263109116,0.4435392030130844,1.6714961598011446
0.28,0.06335656255630892,0.46022171889440633,1.6648582093174418
0.29,0.06804190088980118,0.47683340221992393,1.6573307749820312
0.3,0.07289296494603088,0.4933653925724208,1.648920804044221
0.31,0.07790891378893271,0.509808900889819,1.6396356195754627
0.32,0.08308881896418421,0.5261552132019405,1.6294829161521833
0.33,0.0884316652686263,0.542395694323346,1.6184707553888886
0.34,0.09393635155638615,0.5585217915007656,1.6066075613236706
0.35000000000000003,0.09960169158124141,0.5745250380136555,1.593902115658298
0.36,0.1054264148747495,0.5903970567264374,1.5803635528551259
0.37,0.11140916765965182,0.6061295635910009,1.566001355093127
0.38,0.11754851379804843,0.6217143710980719,1.5508253470853863
0.39,0.12384293577382503,0.6371433916760729,1.5348456907604773
0.4,0.13029083570880043,0.6524086410361268,1.5180728798101688
0.41000000000000003,0.13689053641204918,0.6675022414618796,1.5005177341059837
0.42,0.14364028246184107,0.6824164250428444,1.4821913939871698
0.43,0.15053824131962645,0.697143536849992,1.463105314422697
0.44,0.15758250447548347,0.7116760380523435,1.443271259049948
0.45,0.16477108862443104,0.7260065089733441,1.422701294092814
0.46,0.17210193687299968,0.7401276520858266,1.401407782161954
0.47000000000000003,0.17957291997543987,0.7540322949444002,1.3794033759400222
0.48,0.18718183759893678,0.7677133930541271,1.3567010117547187
0.49,0.19492641961718854,0.7811640326743827,1.3333139030425536
0.5,0.2028043274316946,0.7943774335568176,1.3092555337062568
0.51,0.21081315532008976,0.8073469516163746,1.2845396513688212
0.52,0.21895043181084936,0.8200660815343428,1.2591802605271845
0.53,0.22721362108368115,0.8325284592924583,1.2331916156086136
0.54,0.2356001243949094,0.8447278646370959,1.2065882139328798
0.55,0.24410728152714742,0.8566582234726238,1.1793847885833553
0.56,0.25273237226254575,0.8683136101830276,1.151596301190191
0.5700000000000001,0.26147261787889436,0.87968824988094,1.1232379346287802
0.58,0.2703251826678487,0.8907765205832441,1.0943250856367244
0.59,0.2792871754745411,0.9015729553124534,1.0648733573525706
0.6,0.28835565125783214,0.9120722441231011,1.0348985517796025
0.61,0.29752761267044714,0.9222692360524064,1.0044166621780068
0.62,0.3068000116582386,0.9321589409945189,0.9734438653887497
0.63,0.31616975107780565,0.9417365314976736,0.941996514092535
0.64,0.325633686331697,0.950997344483625,0.9100911290072411
0.65,0.33518862702041735,0.9599368828887632,0.8777443910272339
0.66,0.3448313386104509,0.9685508172263454,0.8449731333080104
0.67,0.35455854411751025,0.9768349870693157,0.811794333299609
0.68,0.364366925804215,0.9847854024532173,0.7782251047322658
0.6900000000000001,0.37425312689139717,0.992398245198737,0.7442826895578075
0.7000000000000001,0.38421375328222934,0.9996698701534561,0.7099844498502753
0.71,0.3942453752983639,1.0065968063524198,0.6753478596693028
0.72,0.40434452942727106,1.0131757580971674,0.6403904968897749
0.73,0.414507720079958,1.0194036059529064,0.6051300350013055
0.74,0.4247314213582494,1.025277407663544,0.5695842348810825
0.75,0.43501207883080595,1.0307943989843305,0.533770936543638
0.76,0.44534611131705754,1.0359519944318978,0.4977080508711035
0.77,0.4557299126782219,1.0407477879515195,0.46141355132751694
0.78,0.466159853614582,1.0451795535014476,0.42490546566075404
0.79,0.4766322834681918,1.0492452455542232,0.388201867595651
0.8,0.4871435320301792,1.0529429995148878,0.3513208685218995
0.81,0.4976899113518158,1.0562711320560636,0.3142806091802727
0.8200000000000001,0.5082677175585218,1.059228141369901,0.2770992513507613
0.8300000000000001,0.5188732326659748,1.0618127073369334,0.23979496954617696
0.84,0.5295027263974917,1.0640236916119095,0.2023859427147856
0.85,0.5401524580018546,1.0658601376267116,0.16489034595551777
0.86,0.550818678070752,1.0673212705105046,0.12732634224930384
0.87,0.561497630355008,1.0684064969272926,0.08971207421006211
0.88,0.5721855535787749,1.0691154048310987,0.05206565585886391
0.89,0.5828786832508672,1.0694477631390176,0.01440516442478268
0.9,0.5935732534724166,1.069403521322424,-0.023251367824079106
0.91,0.6042654987400308,1.0689828089166564,-0.06088596171590699
0.92,0.614951655743643,1.0681859349495317,-0.09848069927337288
0.93,0.6256279651582429,1.0670133872890757,-0.13601773177127496
0.9400000000000001,0.6362906734286824,1.0654658319108967,-0.17347928775020138
0.9500000000000001,0.6469360345467546,1.0635441120856544,-0.21084768098280304
0.96,0.6575603118197513,1.0612492474871185,-0.24810531838931538
0.97,0.6681597796297049,1.0585824332213394,-0.2852347078989663
0.98,0.6787307251825309,1.0555450387774885,-0.322218466253942
0.99,0.6892694502462887,1.0521386069009613,-0.3590393267526142
1.0,0.6997722728777882,1.0483648523893643,-0.3956801469287552
1.01,0.7102355291367726,1.044225660812044,-0.4321239161634973
1.02,0.7206555747869177,1.0397230871538454,-0.46835376322682953
1.03,0.7310287869828925,1.0348593543838225,-0.504352963745445
1.04,0.7413515659427352,1.0296368519496493,-0.5401049475938013
1.05,0.7516203366048045,1.0240581341985195,-0.5755933062052818
1.06,0.7618315502685763,1.0181259187253455,-0.6108017998003796
1.07,0.7719816862185618,1.0118430846491036,-0.6457143645288751
1.08,0.782067253330634,1.0052126708181996,-0.6803151195230023
1.09,0.7920847916600565,0.998237873945761,-0.7145883738586534
1.1,0.8020308740105185,0.9909220466757879,-0.748518633421696
1.11,0.8119021074834901,0.983268695581128,-0.7820906076765418
1.12,0.8216951350072198,0.9752814790942664,-0.8152892163341203
1.1300000000000001,0.8314066368447092,0.9669642053719502,-0.8480995959164888
1.1400000000000001,0.8410333320800066,0.9583208300946946,-0.8805071062153222
1.1500000000000001,0.8505719800821753,0.9493554542022473,-0.912497336641606
1.16,0.8600193819463001,0.9400723215661098,-0.9440561124638713
1.17,0.8693723819109097,0.9304758166002445,-0.9751695009323906
1.18,0.8786278687512015,0.9205704618111219,-1.00582381728678
1.19,0.8877827771474684,0.9103609152882839,-1.036005630644513
1.2,0.8968340890281397,0.8998519681366278,-1.0657017697679132
1.21,0.9057788348868566,0.8890485418516385,-1.094899328707226
1.22,0.9146140950730224,0.8779556856388189,-1.1235856723174402
1.23,0.9233370010552714,0.8665785736785928,-1.1517484416465815
1.24,0.9319447366573206,0.8549225023379774,-1.1793755591932495
1.25,0.940434539265677,0.8429928873303423,-1.2064552340312362
1.26,0.9488037010086886,0.8307952608245966,-1.2329759667991174
1.27,0.9570495699064402,0.8183352685051634,-1.2589265545527628
1.28,0.9651695509910084,0.8056186665841224,-1.2842960954787814
1.29,0.9731611073966052,0.792651318766923,-1.3090739934669644
1.3,0.9810217614191515,0.7794391931730839,-1.333249962539864
1.31,0.9887490955448398,0.76598835921332,-1.3568140311376982
1.32,0.996340753447255,0.7523049844245506,-1.3797565462568344
1.33,1.0037944409526423,0.7383953312642619,-1.402068177440177
1.34,1.0111079269729202,0.7242657538657128,-1.4237399206178378
1.35,1.018279044406057,0.7099226947554891,-1.4447631017965326
1.36,1.0253056910034406,0.6953726815349263,-1.4651293805962324
1.37,1.0321858302038889,0.6806223235269357,-1.484830753632627
1.3800000000000001,1.03891749193396,0.6656783083897828,-1.5038595577440608
1.3900000000000001,1.0454987733742445,0.650547398699378,-1.5222084730616494
1.4000000000000001,1.0519278396913265,0.6352364285016574,-1.5398705259213528
1.41,1.0582029247351283,0.6197522998366359,-1.5568390916168586
1.42,1.0643223317013586,0.6041019792357337,-1.5731078969921841
1.43,1.070284433758808,0.5882924941939811,-1.5886710228729854
1.44,1.0760876746412482,0.5723309296187213,-1.603522906335634
1.45,1.081730569203706,0.5562244242564374,-1.617658342813171
1.46,1.0872117039429041,0.5399801670993382,-1.6310724880373382
1.47,1.092529737481673,0.5236053937733471,-1.6437608598159574
1.48,1.097683401017157,0.5071073829091433,-1.65571933964498
1.49,1.1026714987326525,0.4904934524979105,-1.6669441741546178
1.5,1.1074929081729343,0.47377095623345794,-1.6774319763890313
1.51,1.1121465805829418,0.456947279842377,-1.68717972691912
1.52,1.116631541209714,0.44002983740390694,-1.696184774788036
1.53,1.1209468895674792,0.4230260676611831,-1.7044448382891073
1.54,1.1250917996658196,0.4059434303255446,-1.7119580055759371
1.55,1.1290655202008533,0.3887894023755809,-1.7187227351045054
1.56,1.1328673747093858,0.37157147435259813,-1.7247378559071898
1.57,1.136496761686006,0.35429714665418527,-1.7300025676986646
1.58,1.1399531546631154,0.3369739258275621,-1.7345164408137443
1.59,1.1432361022538964,0.31960932086438837,-1.7382794159772796
1.6,1.1463452281582431,0.3022108394987131,-1.7412918039063043
1.61,1.1492802311316945,0.28478598450973985,-1.7435542847446914
1.62,1.152040884917426,0.2673422500310818,-1.7450679073306599
1.6300000000000001,1.154627038141373,0.24988711786817572,-1.7458340882975256
1.6400000000000001,1.157038614170577,0.2324280538255202,-1.7458546110081938
1.6500000000000001,1.1592756109348588,0.21497250404539814,-1.7451316243239132
1.6600000000000001,1.1613381007119445,0.19752789135973764,-1.7436676412079395
1.67,1.1632262298761822,0.18010161165675911,-1.7414655371647716
1.68,1.1649402186110056,0.1627010302640488,-1.7385285485157382
1.69,1.166480360585318,0.14533347834969146,-1.7348602705117486
1.7,1.1678470225939837,0.12800624934308583,-1.730464655284114
1.71,1.169040644162634,0.11072659537705763,-1.725346009634407
1.72,1.1700617371170066,0.09350172375287456,-1.7195089926643816
1.73,1.1709108851170558,0.07633879342975704,-1.7129586132470735
1.74,1.1715887431560885,0.05924491154046733,-1.7057002273402384
1.75,1.1720960370251918,0.04222712993454746,-1.6977395351433717
1.76,1.1724335627432378,0.02529244175076357,-1.6890825780996146
1.77,1.1726021859527658,0.008447778020301139,-1.6797357357439084
1.78,1.1726028412820564,-0.008299995697758553,-1.6697057223988443
1.79,1.1724365316737277,-0.024944082647165168,-1.6589995837196994
1.8,1.1721043276802003,-0.0414777581699288,-1.647624693090227
1.81,1.1716073667263898,-0.0578943729649679,-1.6355887478708278
1.82,1.170946852340003,-0.07418735630850791,-1.6228997655007935
1.83,1.170124053349829,-0.09035021923477987,-1.6095660794563753
1.84,1.1691403030524241,-0.1063765576755864,-1.5955963350664861
1.85,1.1679969983476175,-0.12226005555732071,-1.5809994851879199
1.86,1.1666955988432608,-0.13799448785404334,-1.5657847857420153
1.87,1.1652376259296755,-0.15357372359524105,-1.5499617911147539
1.8800000000000001,1.1636246618242532,-0.16899172882691246,-1.5335403494223558
1.8900000000000001,1.161858348586685,-0.18424256952464588,-1.516530597644467
1.9000000000000001,1.1599403871053042,-0.19932041445737583,-1.4989429566271093
1.9100000000000001,1.157872536055046,-0.2142195380005273,-1.4807881259576168
1.92,1.155656610827531,-0.22893432289727852,-1.4620770787138233
1.93,1.1532944824338032,-0.2434592629666969,-1.4428210560898356
1.94,1.1507880763802556,-0.2577889657575251,-1.4230315619007725
1.95,1.1481393715182964,-0.27191815514641965,-1.4027203569688982
1.96,1.1453503988683136,-0.2858416738794684,-1.3818994533936317
1.97,1.1424232404185144,-0.29955448605583757,-1.3605811087079716
1.98,1.139360027899221,-0.3130516795524259,-1.3387778199239042
1.99,1.136162941533221,-0.32632846838842927,-1.3165023174694341
2.0,1.1328342087627743,-0.33938019502874406,-1.2937675590199005
2.0100000000000002,1.1293761029538991,-0.35220233262516704,-1.2705867232263068
2.02,1.12579094207856,-0.3647904871943748,-1.246973203343422
2.0300000000000002,1.1220810873753952,-0.3771403997316948,-1.2229406007604504
2.04,1.1182489419896338,-0.38924794825970777,-1.198502718437139
2.05,1.114296949592854,-0.4011091498107505,-1.173673554248183
2.06,1.1102275929832532,-0.4127201623424164,-1.1484672942388743
2.07,1.1060433926670987,-0.42407728658518046,-1.1228983057949522
2.08,1.1017469054220481,-0.43517696782130744,-1.0969811307296493
2.09,1.0973407228430256,-0.4460157975942278,-1.070730478290988
2.1,1.0928274698713567,-0.4565905153476017,-1.0441612180923725
2.11,1.0882098033078655,-0.46689800999331754,-1.017288372969604
2.12,1.0834904103106522,-0.47693532140770634,-0.9901271117674364
2.13,1.0786720068782683,-0.4866996418552822,-0.96269274205885
2.14,1.0737573363190211,-0.4961883173393527,-0.9350007028002272
2.15,1.0687491677071403,-0.5053988488788738,-0.9070665569256628
2.16,1.0636502943265456,-0.5143288937109568,-0.8789059838836422
2.17,1.0584635321029654,-0.5229762664184682,-0.8505347721193803
2.18,1.0531917180251549,-0.5313389399821943,-0.8219688115060952
2.19,1.0478377085559722,-0.5394150467570774,-0.7932240857285537
2.2,1.0424043780340744,-0.5472028793720628,-0.7643166646222166
2.21,1.0368946170669973,-0.5547008915531287,-0.7352626964713511
2.22,1.0313113309163922,-0.561907698869107,-0.7060784002694729
2.23,1.0256574378761905,-0.568822079399933,-0.6767800579455296
2.24,1.019935867644477,-0.5754429743270015,-0.6473840065592169
2.25,1.014149559689848,-0.5817694884453348,-0.6179066304688612
2.2600000000000002,1.008301461613042,-0.5878008905973067,-0.5883643534752916
2.27,1.002394527504624,-0.5935366140276999,-0.5587736309451619
2.2800000000000002,0.9964317162995163,-0.5989762566599084,-0.5291509419171541
2.29,0.9904159901291592,-0.6041195812931304,-0.49951278119455234
2.3000000000000003,0.9843503126720968,-0.608966515720433,-0.46987565142762744
2.31,0.9782376475037787,-0.6135171527676052,-0.4402560551893333
2.32,0.9720809564463682,-0.6177717502527479,-0.41067048704776776
2.33,0.9658831979193515,-0.6217307308665873,-0.3811354256388937
2.34,0.9596473252917406,-0.6253946819735314,-0.35166732574299675
2.35,0.9533762852366607,-0.6287643553335243,-0.32228261036834627
2.36,0.9470730160891159,-0.6318406667447867,-0.2929976628455575
2.37,0.9407404462077211,-0.6346246956075696,-0.2638288189361071
2.38,0.9343814923411923,-0.6371176844090772,-0.23479235895848727
2.39,0.9279990580003795,-0.6393210381297539,-0.20590449993544113
2.4,0.9215960318366302,-0.6412363235711644,-0.1771813877657531
2.41,0.9151752860272642,-0.6428652686057279,-0.14863908942401616
2.42,0.9087396746689408,-0.6442097613486045,-0.12029358519182898
2.43,0.9022920321796956,-0.6452718492520652,-0.09216076092382286
2.44,0.8958351717104184,-0.6460537381227098,-0.06425640035194391
2.45,0.8893718835665446,-0.6465577910619346,-0.03659617743136212
2.46,0.8829049336407226,-0.646786527330079,-0.009195648731400219
2.47,0.87643706185722,-0.6467426211347228,0.017929754125181052
2.48,0.8699709806288239,-0.6464289003436304,0.04476473197118436
2.49,0.8635093733269863,-0.6458483451228786,0.07129412554897097
2.5,0.8570548927659598,-0.6450040865007322,0.09750292290613327
2.5100000000000002,0.850610159701664,-0.6438994048578686,0.123376266729601
2.52,0.844177761346014,-0.6425377283445829,0.1488994616149062
2.5300000000000002,0.8377602498974407,-0.6409226312256376,0.1740579812674239
2.54,0.8313601410883203,-0.6390578321534534,0.19883747563236742
2.5500000000000003,0.8249799127500279,-0.6369471923703692,0.22322377795040094
2.56,0.8186220033963194,-0.6345947138407321,0.24720291173572018
2.57,0.8122888108257407,-0.6320045373136053,0.2707610976735222
2.58,0.8059826907437527,-0.629180940316919,0.2938847604337811
2.59,0.7997059554052549,-0.6261283350839132,0.3165605353983092
2.6,0.7934608722781783,-0.622851266412757,0.3387752752981077
2.61,0.7872496627288132,-0.6193544094602546,0.3605160567580432
2.62,0.7810745007295257,-0.6156425674705804,0.38177018674593866
2.63,0.7749375115895071,-0.6117206694400134,0.40252520892318566
2.64,0.7688407707091922,-0.6075937677186687,0.4227689098940568
2.65,0.7627863023589712,-0.6032670355502556,0.44248932535089525
2.66,0.7567760784828087,-0.5987457645509147,0.4616747461124533
2.67,0.7508120175273757,-0.5940353621282172,0.48031372405264494
2.68,0.7448959832972848,-0.5891413488414365,0.4983950779170665
2.69,0.7390297838370126,-0.5840693557042266,0.5159078990246493
2.7,0.7332151703400781,-0.5788251214308678,0.5328415568518905
2.71,0.7274538360860359,-0.5734144896272697,0.5491857044971189
2.72,0.7217474154058304,-0.5678434059279397,0.5649302840223449
2.73,0.716097482676046,-0.5621179150801568,0.5800655316702503
2.74,0.7105055513425729,-0.5562441579766089,0.5945819829539674
2.75,0.7049730729742004,-0.5502283686377779,0.6084704776173158
2.7600000000000002,0.6995014363466314,-0.5440768711453803,0.6217221644632369
2.77,0.6940919665574019,-0.537796076528191,0.6343285060482202
2.7800000000000002,0.6887459241721742,-0.5313924796016022,0.6462812832405673
2.79,0.6834645044028611,-0.5248726557622893,0.6575725996403898
2.8000000000000003,0.6782488363180212,-0.5182432577393764,0.6681948858593163
2.81,0.673099982085955,-0.5115110123035148,0.6781409036579074
2.82,0.6680189362509136,-0.5046827169353064,0.6874037499388812
2.83,0.6630066250428214,-0.4977652364545242,0.6959768605942684
2.84,0.6580639057208961,-0.4907654996115984,0.7038540142047034
2.85,0.6531915659515366,-0.4836904956428567,0.7110293355891164
2.86,0.6483903232208326,-0.47654727079102266,0.7174972992031456
2.87,0.6436608242820377,-0.4693429247924926,0.723252732384654
2.88,0.639003644638329,-0.4620846073329291,0.7282908184448116
2.89,0.6344192880611622,-0.4547795144727212,0.7326070996032399
2.9,0.629908186144517,-0.4474348850438794,0.7361974797658235
2.91,0.6254706978953098,-0.44005799701994475,0.7390582271438091
2.92,0.6211071093602347,-0.4326561638605056,0.7411859767129254
2.93,0.6168176332892809,-0.4252367308319286,0.7425777325112894
2.94,0.6126024088361535,-0.4178070713059212,0.7432308697749521
2.95,0.6084615012958144,-0.4103745830375553,0.743143136909997
2.96,0.6043949018793375,-0.40294668442439113,0.7423126573001761
2.97,0.6004025275262608,-0.39553081074835134,0.740737930949132
2.98,0.596484220754599,-0.38813441040200347,0.7384178359563309
2.99,0.5926397495486646,-0.3807649411009181,0.7353516298258955
3.0,0.5888688072848276,-0.3734298660837768,0.7315389506076051
3.0100000000000002,0.5851710126953288,-0.36613665030191295,0.7269798178693798
3.02,0.5815459098702429,-0.3588927565999718,0.7216746335006747
3.0300000000000002,0.5779929682976731,-0.35170564188938486,0.7156241823462328
3.04,0.5745115829422394,-0.34458275331635696,0.7088296326697621
3.0500000000000003,0.5711010743619072,-0.33753152442606815,0.7012925364471378
3.06,0.567760688863186,-0.33055937132479757,0.6930148294888319
3.0700000000000003,0.5644895986947103,-0.32367368884167785,0.6839988313913152
3.08,0.5612869022791969,-0.31688184669179126,0.6742472453172816
3.09,0.5581516244837584,-0.3101911856423201,0.6637631576045768
3.1,0.5550827169285322,-0.3036090136834644,0.6525500372038326
3.11,0.5520790583335691,-0.2971426022058391,0.6406117349448386
3.12,0.549139454903909,-0.2907991821860644,0.6279524826317715
3.13,0.5462626407527527,-0.2845859403822575,0.6145768919674928
3.14,0.5434472783626209,-0.27851001554113586,0.6004899533071559
3.15,0.5406919590843788,-0.2725784946184362,0.5856970342414856
3.16,0.5379952036739817,-0.26679840901435037,0.5702038780101133
3.17,0.5353554628667839,-0.2611767308256761,0.5540166017454795
3.18,0.5327711179892366,-0.25572036911637325,0.5371416945478253
3.19,0.5302404816077797,-0.2504361662082123,0.5195860153919287
3.2,0.5277617982147211,-0.2453308939931938,0.501356790866252
3.21,0.5253332449508752,-0.24041125026941118,0.48246161274529786
3.22,0.5229529323647183,-0.23568385510202045,0.4629084353959838
3.23,0.5206189052078026,-0.23115524721097233,0.44270557301897284
3.24,0.5183291432661523,-0.22683188038715224,0.42186169672590657
3.25,0.5160815622273482,-0.22272011993856408,0.4003858314536235
3.2600000000000002,0.5138740145829952,-0.2188262391681823,0.37828735271645186
3.27,0.5117042905662444,-0.21515641588508574,0.35557598319779005
3.2800000000000002,0.5095701191240327,-0.21171672895047403,0.33226178918220084
3.29,0.5074691689236795,-0.20851315486015495,0.3083551768293782
3.3000000000000003,0.5053990493934706,-0.20555156436507707,0.2838668882913442
3.31,0.5033573117968394,-0.20283771913146814,0.25880799767436424
3.3200000000000003,0.5013414503397433,-0.20037726844212447,0.23318990684707597
3.33,0.4993489033108137,-0.1981757459403813,0.20702434109645895
3.34,0.49737705425384754,-0.19623856641827742,0.18032334463325872
3.35,0.49542323317218956,-0.19457102265041115,0.15309927594862438
3.36,0.49348471776454156,-0.19317828227496645,0.12536480302372632
3.37,0.4915587346917194,-0.19206538472337026,0.09713289839419148
3.38,0.48964246087386426,-0.1912372382000235,0.06841683407130039
3.39,0.48773302481760017,-0.1906986167135281,0.039230176321871646
3.4,0.48582750797261604,-0.19045415716081324,0.009586780308920684
3.41,0.48392294611713627,-0.19050835646554248,-0.02049921540486921
3.42,0.4820163307717299,-0.1908655687721632,-0.051013394488658825
3.43,0.48010461064089593,-0.1915300026969369,-0.0819410686077846
3.44,0.47818469308184736,-0.1925057186372673,-0.11326728331859126
3.45,0.47625344559990557,-0.19379662614061982,-0.14497682409149437
3.46,0.4743076973699019,-0.1954064813343029,-0.17705422245983293
3.47,0.4723442407829722,-0.19733888441735659,-0.20948376229213383
3.48,0.47035983301811657,-0.19959727721577042,-0.24224948618524245
3.49,0.4683511976378854,-0.20218494080222663,-0.27533520197582706
3.5,0.46631502620754056,-0.20510499318153913,-0.308724489367614
3.5100000000000002,0.4642479799370289,-0.2083603870429328,-0.34240070667175504
3.52,0.46214669134509384,-0.2119539075802807,-0.3763469976575817
3.5300000000000002,0.46000776594484066,-0.2158881703813894,-0.4105462985110535
3.54,0.4578277839500589,-0.2201656193873957,-0.4449813448980542
3.5500000000000003,0.45560330200159616,-0.22478852492330864,-0.47963467912975244
3.56,0.45333085491306635,-0.2297589818007036,-0.5144886574270868
3.5700000000000003,0.4510069574351663,-0.23507890749354443,-0.5495254572815016
3.58,0.44862810603786446,-0.2407500403880822,-0.5847270849089091
3.59,0.44619078070971663,-0.24677393810774678,-0.6200753827939154
3.6,0.4436914467735536,-0.25315197591391947,-0.6555520373212143
3.61,0.44112655671777856,-0.25988534518344264,-0.6911385864910726
3.62,0.4384925520425021,-0.2669750519636914,-0.726816427715794
3.63,0.43578586511973527,-0.27442191560600193,-0.7625668256939468
3.64,0.43300292106685356,-0.28222656747821717,-0.7983709203592084
3.65,0.4301401396325367,-0.2903894497570809,-0.8342097349005294
3.66,0.42719393709438236,-0.29891081430117633,-0.870064183850404
3.67,0.4241607281673848,-0.30779072160507415,-0.905915081237886
3.68,0.42103692792246383,-0.31702903983532055,-0.941743148803075
3.69,0.41781895371422145,-0.32662544394886356,-0.9775290242696479
3.7,0.41450322711710047,-0.33657941489448084,-1.0132532696721128
3.71,0.411086175869111,-0.34689023889773907,-1.0488963797342976
3.72,0.4075642358222879,-0.35755700682998065,-1.0844387902957031
3.73,0.4039338528990363,-0.3685786136617982,-1.119860886782187
3.74,0.40019148505351804,-0.37995375800142356,-1.1551430127175553
3.75,0.3963336042372279,-0.3916809417184222,-1.1902654782724924
3.7600000000000002,0.3923566983679054,-0.4037584696530493,-1.225208568847365
3.77,0.3882572733009224,-0.41618444941158816,-1.2599525536852871
3.7800000000000002,0.38403185480228746,-0.4289567912479561,-1.2944776945119556
3.79,0.3796769905224005,-0.44207320803182715,-1.3287642541986104
3.8000000000000003,0.3751892519696936,-0.4555312153034856,-1.3627925054445942
3.81,0.37056523648328854,-0.4693281314155877,-1.3965427394758494
3.8200000000000003,0.36580156920380164,-0.4834610777619731,-1.429995274755795
3.83,0.36089490504142463,-0.497926979093632,-1.4631304657049098
3.84,0.3558419306404101,-0.5127225639218964,-1.4959287114254431
3.85,0.35063936633908827,-0.527844365008889,-1.5283704644275733
3.86,0.34528396812454354,-0.5432887199452255,-1.5604362393533937
3.87,0.33977252958107745,-0.5590517718149315,-1.5921066216950992
3.88,0.334101883831587,-0.5751294699474959,-1.6233622765036833
3.89,0.3282689054709871,-0.59151757075695,-1.654183957084557
3.9,0.3222705124908074,-0.6082116386678206,-1.6845525136763835
3.91,0.31610366819409674,-0.6252070471277741,-1.7144489021095548
3.92,0.30976538309976787,-0.6424989797067269,-1.7438541924406006
3.93,0.30325271683552,-0.6600824312821656,-1.7727495775589721
3.94,0.29656278001847863,-0.6779522093103808,-1.8011163817625042
3.95,0.2896927361226944,-0.6961029351832848,-1.8289360692980114
3.96,0.2826398033326477,-0.714529045670445,-1.85619025286334
3.97,0.27540125638190827,-0.7332247944459307,-1.8828607020673573
3.98,0.2679744283761042,-0.7521842536995347,-1.9089293518442232
3.99,0.2603567125993589,-0.7714013158318934,-1.9343783108184505
4.0,0.2525455643033592,-0.7908696952329974,-1.9591898696171341
4.01,0.24453850247822415,-0.8105829301435453,-1.9833465091258826
4.0200000000000005,0.23633311160434772,-0.8305343845985604,-2.0068309086848894
4.03,0.22792704338439737,-0.8507172504526544,-2.0296259542216615
4.04,0.21931801845465396,-0.8711245494862877,-2.051714746316975
4.05,0.21050382807488696,-0.89174913559234,-2.0730806082005437
4.0600000000000005,0.20148233579596558,-0.912583697042273,-2.0937070936730326
4.07,0.19225147910441326,-0.9336207588311298,-2.1135779949509748
4.08,0.1828092710431213,-0.9548526851005847,-2.132677350431289
4.09,0.17315380180744527,-0.9762716816392217,-2.150989452371968
4.1,0.16328324031591573,-0.9978697984591874,-2.168498854485707
4.11,0.15319583575480464,-1.0196389324483308,-2.185190379443152
4.12,0.14288991909579637,-1.0415708300969104,-2.2010491262825194
4.13,0.13236390458602307,-1.063657090297916,-2.2160604777224235
4.14,0.12161629120973264,-1.0858891672200215,-2.230210107374675
4.15,0.11064566412086828,-1.1082583732521518,-2.2434839868539496
4.16,0.0994506960458487,-1.1307558820186192,-2.255868392781211
4.17,0.08803014865584856,-1.153372731463749,-2.2673499136778648
4.18,0.07638287390788978,-1.1760998270048877,-2.277915456747561
4.19,0.06450781535406566,-1.1989279447526555,-2.2875522545427236
4.2,0.052404009418231055,-1.2218477347972756,-2.2962478715128394
4.21,0.040070586639503844,-1.2448497245597823,-2.3039902104316594
4.22,0.02750677288193504,-1.2679243222068841,-2.310767518700408
4.23,0.014711890509717213,-1.2910618201282287,-2.3165683945242668
4.24,0.0016853595273135444,-1.3142523984747851,-2.32138179295933
4.25,-0.01157330131609705,-1.337486128757039,-2.3251970318273973
4.26,-0.02506447345845028,-1.360752977501662,-2.3280037974958865
4.2700000000000005,-0.03878843749348024,-1.3840428099652968,-2.3297921505203263
4.28,-0.05274537217682082,-1.4073453939040674,-2.3305525311468416
4.29,-0.06693535347007498,-1.4306504033974057,-2.3302757646721957
4.3,-0.08135835362338792,-1.453947422724755,-2.3289530666588947
4.3100000000000005,-0.0960142402970455,-1.4772259502936906,-2.3265760480030213
4.32,-0.11090277572260489,-1.5004754026179714,-2.323136719852439
4.33,-0.12602361590404906,-1.5236851183440179,-2.318627498373159
4.34,-0.14137630985944183,-1.546844362324284,-2.3130412093615886
4.3500000000000005,-0.15696029890354463,-1.5699423297359718,-2.306371092700587
4.36,-0.17277491597184058,-1.5929681502435182,-2.2986108066571895
4.37,-0.18881938498639575,-1.6159108922032581,-2.289754432020024
4.38,-0.20509282026397105,-1.638759566908651,-2.279796476074419
4.39,-0.2215942259667826,-1.6615031328744416,-2.268731876413332
4.4,-0.2383224955962914,-1.6841305001580986,-2.2565560045822544
4.41,-0.25527641153038677,-1.706630534716867,-2.243264669556322
4.42,-0.2724546446043115,-1.728992062798744,-2.228854121047952
4.43,-0.2898557537356593,-1.7512038753656778,-2.213321052643332
4.44,-0.30747818559375795,-1.7732547325472687,-2.1966626047662263
4.45,-0.325320274313735,-1.7951333681232393,-2.1788763674675726
4.46,-0.3433802412555448,-1.816828494032922,-2.159960383039472
4.47,-0.36165619480821765,-1.8383288049100046,-2.139913148452167
4.48,-0.3801461302395761,-1.8596229826407538,-2.118733617612738
4.49,-0.3988479295916426,-1.8806997009439297,-2.0964212034442946
4.5,-0.41775936162194793,-1.9015476299705896,-2.072975779784509
4.51,-0.436878081790929,-1.9221554409219694,-2.0483976831023996
4.5200000000000005,-0.45620163229558885,-1.9425118106836208,-2.022687714032369
4.53,-0.47572744214957097,-1.962605426473969,-1.9958471387245522
4.54,-0.49545282730978435,-1.9824249905054543,-1.967877690010621
4.55,-0.5153749908496947,-2.0019592246564035,-1.9387815683842375
4.5600000000000005,-0.5354910231793804,-2.0211968751517784,-1.908561442795457
4.57,-0.5557979023124325,-2.0401267172509328,-1.8772204512584219
4.58,-0.57629249417976,-2.0587375599405124,-1.8447622012717986
4.59,-0.5969715529903412,-2.07701825063062,-1.8111907700514371
4.6000000000000005,-0.617831721638946,-2.0949576798523672,-1.776510704574858
4.61,-0.638869532160832,-2.1125447859549267,-1.7407270214372033
4.62,-0.6600814062334018,-2.129768559800203,-1.703845206518402
4.63,-0.6814636557247865,-2.1466180494532283,-1.6658712144613361
4.64,-0.7030124832893038,-2.163082364866395,-1.6268114679609045
4.65,-0.72472398300972,-2.1791506825556333,-1.5866728568639374
4.66,-0.7465941410862259,-2.1948122502666414,-1.5454627370799938
4.67,-0.7686188365720171,-2.2100563916292795,-1.5031889293031504
4.68,-0.7907938421553508,-2.2248725107982374,-1.4598597175449741
4.69,-0.8131148249879334,-2.2392500970780884,-1.4154838474789293
4.7,-0.8355773475594727,-2.2531787295308456,-1.3700705245965648
4.71,-0.8581768686182096,-2.2666480815641408,-1.3236294121758898
4.72,-0.8809087441372281,-2.2796479254981503,-1.2761706290624266
4.73,-0.903768228326319,-2.292168137109398,-1.227704747263503
4.74,-0.9267504746891597,-2.3041987001495667,-1.178242789356431
4.75,-0.9498505371255485,-2.315729710837469,-1.1277962257112708
4.76,-0.9730633710784168,-2.326751382322317,-1.076376971528988
4.7700000000000005,-0.9963838347253233,-2.337254049116457,-1.0239973836958502
4.78,-1.0198066902141147,-2.347228171495731,-0.9706702574550161
4.79,-1.043326604942421,-2.356664339865647,-0.9164088228963148
4.8,-1.0669381528806332,-2.3655532790915417,-0.8612267412653165
4.8100000000000005,-1.0906358159379959,-2.373885852790933,-0.8051381010928425
4.82,-1.1144139853714268,-2.381653067586277,-0.7481574141461502
4.83,-1.1382669632366582,-2.3888460773163502,-0.6902996112030997
4.84,-1.1621889638812777,-2.395456187204495,-0.631580037650675
4.8500000000000005,-1.1861741154792294,-2.401474857981975,-0.5720144489093157
4.86,-1.2102164616063156,-2.4068937099647134,-0.511619005684572
4.87,-1.2343099628562268,-2.4117045270816866,-0.4504102690476688
4.88,-1.258448498496607,-2.415899260853279,-0.3884051953466545
4.89,-1.2826258681646432,-2.4194700343179063,-0.32562113094984557
4.9,-1.3068357936016586,-2.4224091459052444,-0.2620758068233813
4.91,-1.3310719204261618,-2.4247090732544097,-0.1977873329447446
4.92,-1.355327819944797,-2.4263624769754655,-0.13277419255417966
4.93,-1.3795969910006178,-2.4273622043526375,-0.06705523624601639
4.94,-1.403872861858098,-2.427701292987653,-0.0006496759019634091
4.95,-1.4281487921242662,-2.4273729743816306,0.06642292153149709
4.96,-1.452418074705348,-2.4263706774539715,0.1341426404194328
4.97,-1.4766739377982747,-2.4246880319967334,0.20248922296621297
4.98,-1.5009095469164082,-2.422318872062975,0.2714420758924021
4.99,-1.525118006948811,-2.419257239287596,0.340980277258375
5.0,-1.5492923642523826,-2.4154973861392204,0.41108258343225446
5.01,-1.573425608776163,-2.4110337791016874,0.48172743619961755
5.0200000000000005,-1.597510676217095,-2.405861101783746,0.5528929700124454
5.03,-1.6215404502065152,-2.3999742579555767,0.6245570193746697
5.04,-1.6455077645266432,-2.3933683745107843,0.696697126361661
5.05,-1.6694054053563092,-2.38603880435254,0.7692905482709045
5.0600000000000005,-1.6932261135451596,-2.377981129202568,0.8423142654010789
5.07,-1.7169625869155611,-2.369191162331717,0.9157449889566913
5.08,-1.7406074825914135,-2.3596649512108634,0.9895591690753984
5.09,-1.7641534193530681,-2.3493987800809455,1.0637330029750194
5.1000000000000005,-1.7875929800175372,-2.3383891724409374,1.1382424432172833
5.11,-1.8109187138431677,-2.3266328934526173,1.2130632060852258
5.12,-1.8341231389579422,-2.3141269522610055,1.2881707800711868
5.13,-1.8571987448105585,-2.300868604229382,1.3635404344722155
5.14,-1.8801379946434267,-2.2868553530878266,1.439147228089717
5.15,-1.9029333279867164,-2.2720849529942555,1.5149660180301119
5.16,-1.9255771631725718,-2.2565554105069587,1.5909714686032075
5.17,-1.948061899868605,-2.2402649864676802,1.667138060314998
5.18,-1.970379921629771,-2.22321219779431,1.7434400989514867
5.19,-1.9925235984677114,-2.2053958191823,1.8198517247501709
5.2,-2.0144852894366543,-2.1868148847139377,1.896346921655708
5.21,-2.036257345234942,-2.1674686893746604,1.9728995266563518
5.22,-2.057832110821253,-2.147356790475612,2.049483239197568
5.23,-2.0792019280445797,-2.1264790089816947,2.1260716306693412
5.24,-2.100359138287008,-2.104835430744395,2.202638153963566
5.25,-2.12129608511835,-2.082426407638697,2.2791561530979427
5.26,-2.14200511696166,-2.0592525586034442,2.3555988729026884
5.2700000000000005,-2.16247858976867,-2.03531477058453,2.431939468766446
5.28,-2.1827088697041703,-2.010614199380353,2.508151016437642
5.29,-2.202688335838352,-1.9851522703889937,2.584206521877645
5.3,-2.222409382846129,-1.9589306792566192,2.660078931161897
5.3100000000000005,-2.2418644237124457,-1.9319513924266503,2.7357411404252963
5.32,-2.2610458924425827,-1.9042166475892692,2.8111660058480235
5.33,-2.2799462467764537,-1.8757289540308844,2.8863263536780313
5.34,-2.298557970905897,-1.8464910928832012,2.9611949902863177
5.3500000000000005,-2.316873578193956,-1.8165061172715937,3.0357447122511756
5.36,-2.334885613895134,-1.7857773523625036,3.1099483164675257
5.37,-2.3525866578756234,-1.754308395309637,3.183778610277518
5.38,-2.369969327332485,-1.722103115098766,3.2572084216184285
5.39,-2.38702627951077,-1.68916565229098,3.3302106091840176
5.4,-2.4037502144175673,-1.655500418664272,3.4027580725954163
5.41,-2.420133877531954,-1.6211120967533874,3.4748237625776177
5.42,-2.43617006250984,-1.5860056392878916,3.546380691137684
5.43,-2.451851613882682,-1.5501862685284682,3.617401941740699
5.44,-2.467171429749052,-1.5136594755014816,3.6878606794795648
5.45,-2.4821224644580435,-1.4764310191318912,3.757730161234683
5.46,-2.4966977312834993,-1.4385069252746343,3.8269837458196454
5.47,-2.5108903050880444,-1.399893485644639,3.8955949041089264
5.48,-2.5246933249759165,-1.3605972566456666,3.963537229143706
5.49,-2.538099996933576,-1.3206250580982213,4.030784446211864
5.5,-2.551103596457094,-1.2799839718668056,4.097310422898273
5.51,-2.5636974711653107,-1.238681340386837,4.163089179101431
5.5200000000000005,-2.575875043397762,-1.1967247650915842,4.228094897012552
5.53,-2.5876298127963784,-1.1541221047395147,4.292301931053227
5.54,-2.5989553588699588,-1.1108814736424901,4.355684817767804
5.55,-2.609845343540435,-1.0670112397952802,4.418218285666552
5.5600000000000005,-2.62029351366994,-1.022520022906907,4.479877265015842
5.57,-2.6302937035676983,-0.9774166923343681,4.540636897571435
5.58,-2.639839837475771,-0.9317103649193279,4.600472546251152
5.59,-2.6489259320326832,-0.8854104027284001,4.659359804743039
5.6000000000000005,-2.6575460987139774,-0.8385264106976877,4.717274507045324
5.61,-2.6656945462487327,-0.7910682341822799,4.774192736934366
5.62,-2.673365583011109,-0.7430459564114446,4.830090837356929
5.63,-2.6805536193859774,-0.6944698958502925,4.884945419743013
5.64,-2.687253170107696,-0.6453506034687254,4.93873337323562
5.65,-2.693458856571123,-0.5956988599185169,4.991431873833792
5.66,-2.69916540911394,-0.545525672619412,5.043018393445294
5.67,-2.704367669269386,-0.49484227275516596,5.09347070884541
5.68,-2.7090605919885076,-0.44366011218048024,5.142766910538225
5.69,-2.713239247831034,-0.39199086023982704,5.190885411516958
5.7,-2.7168988251240065,-0.33984640049919035,5.2378049559197875
5.71,-2.7200346320872923,-0.28723882739178525,5.283504627577822
5.72,-2.722642098925133,-0.2341804427788512,5.327963858451721
5.73,-2.7247167798828777,-0.1806837524266499,5.371162436953656
5.74,-2.726254355268074,-0.12676146240083067,5.413080516151264
5.75,-2.727250633435093,-0.07242647537935973,5.453698621850356
5.76,-2.7277015527324835,-0.017691886885242702,5.492997660553082
5.7700000000000005,-2.7276031834122563,0.037429018559699025,5.530958927288417
5.78,-2.7269517295003167,0.09292277135870503,5.567564113311777
5.79,-2.725743530627276,0.1487757208402816,5.602795313670736
5.8,-2.7239750638188855,0.20497403933338226,5.636635034633714
5.8100000000000005,-2.721642945245348,0.2615037263161778,5.669066200978706
5.82,-2.7187439319287807,0.31835061263700115,5.7000721631390565
5.83,-2.7152749234081144,0.3755003648060235,5.7296367042034495
5.84,-2.711232963360726,0.4329384893561893,5.757744046767198
5.8500000000000005,-2.706615241180125,0.49065033727190915,5.784378859632111
5.86,-2.701419093509016,0.5486211084839828,5.8095262643521615
5.87,-2.695642005727094,0.6068358564291969,5.833171841622351
5.88,-2.689281613392918,0.6652794926730159,5.85530163750807
5.89,-2.6823357036392594,0.723936791593759,5.875902169512479
5.9,-2.6748022165212983,0.7827923951266303,5.894960432479363
5.91,-2.666679246317093,0.8418308175659448,5.912463904329052
5.92,-2.6579650427797423,0.9010364504238687,5.928400551625063
5.93,-2.6486580123406815,0.9603935673439706,5.942758834969078
5.94,-2.6387567192635815,1.0198863290678548,5.955527714222115
5.95,-2.6282598867483196,1.0794987884531273,5.9666966535496195
5.96,-2.617166397984522,1.139214895540925,5.976255626288461
5.97,-2.6054752971541917,1.1990185026712137,5.9841951196337035
5.98,-2.5931857903829516,1.258893369644047,5.990506139143225
5.99,-2.5802972466394523,1.3188231689249508,5.995180213058248
6.0,-2.5668091985825128,1.3787914908925851,5.998209396437993
6.01,-2.5527213433555827,1.4387818491268167,5.99958627510661
6.0200000000000005,-2.5380335433281287,1.4987776857353143,5.999303969410759
6.03,-2.5227458267835696,1.5587623767167664,5.997356137786153
6.04,-2.5068583885534044,1.6187192373588029,5.993736980131581
6.05,-2.490371590597196,1.6786315276686878,5.988441240988857
6.0600000000000005,-2.4732859625280934,1.7384824578348361,5.981464212527326
6.07,-2.4556022020835893,1.7982551937171911,5.972801737331579
6.08,-2.4373211755412423,1.8579328623644917,5.962450210991144
6.09,-2.418443918079096,1.9174985575564403,5.950406584490918
6.1000000000000005,-2.398971634080565,1.9769353453687741,5.93666836640128
6.11,-2.378905697383557,2.0362262697592324,5.921233624866813
6.12,-2.358247651473649,2.095354358172399,5.904100989392722
6.13,-2.336999209621118,2.1543026271613934,5.885269652428017
6.140000000000001,-2.315162254961688,2.213054088024378,5.8647393707447
6.15,-2.2927388405208435,2.271591752453828,5.8425104666122065
6.16,-2.269731189181592,2.3298986381965237,5.818583828766478
6.17,-2.2461416935955847,2.387957774722203,5.792960913173062
6.18,-2.221972916037517,2.445752208898813,5.765643743583789
6.19,-2.197227588202749,2.503265010672294,5.7366349118865845
6.2,-2.1719086109481154,2.560479278748827,5.705937578248094
6.21,-2.14601905397591,2.61737814627747,5.673555471048889
6.22,-2.119562155461049,2.673944786531107,5.639492886611034
6.23,-2.092541321621445,2.730162418583636,5.60375468871796
6.24,-2.064960126231631,2.7860143129813175,5.566346307926613
6.25,-2.0368223100797156,2.8414837974062035,5.527273740671949
6.26,-2.008131780367746,2.8965542623295764,5.486543548163904
6.2700000000000005,-1.9788926100555997,2.95120916665332,5.444162855077085
6.28,-1.9491090371485285,3.0054320433371506,5.400139348033457
6.29,-1.9187854639285116,3.0592065050096444,5.354481273878449
6.3,-1.8879264561295865,3.1125162495609935,5.307197437750883
6.3100000000000005,-1.8565367420573533,3.1653450657154316,5.258297200947328
6.32,-1.8246212116528642,3.2176768385812795,5.207790478581445
6.33,-1.7921849155011336,3.269495555176561,5.155687737039067
6.34,-1.7592330637845224,3.320785309928153,5.101999991229749
6.3500000000000005,-1.7257710251812715,3.371530310142432,5.04673880163568
6.36,-1.6918043257094801,3.4217148814454093,4.989916271158853
6.37,-1.6573386475168435,3.4713234731903237,4.931545041767542
6.38,-1.622379827616485,3.5203406638307073,4.871638290943145
6.390000000000001,-1.5869338565692401,3.5687511662569222,4.810209727928564
6.4,-1.5510068771127652,3.616539833094195,4.747273589779369
6.41,-1.5146051827378653,3.6636916619601827,4.682844637219065
6.42,-1.4777352162124588,3.7101918006801182,4.616938150299842
6.43,-1.4404035680536103,3.7560255524575954,4.549569923870283
6.44,-1.4026169749480841,3.801178380999072,4.480756262851577
6.45,-1.3643823181218941,3.8456359155901865,4.410513977323843
6.46,-1.3257066216593376,3.8893839561219927,4.338860377424257
6.47,-1.286597050772026,3.932408478065245,4.265813268058755
6.48,-1.247060910018439,3.974695637390872,4.191390943429125
6.49,-1.2071056414745533,4.016231775434813,4.115612181377411
6.5,-1.1667388228561053,4.057003423705382,4.038496237549599
6.51,-1.1259681655930773,4.096997308631387,3.9600628393806256
6.5200000000000005,-1.0848015128570059,4.136200356249205,3.8803321799028403
6.53,-1.0432468375417312,4.174599696827069,3.799324911380075
6.54,-1.0013122401982253,4.2121826694248385,3.7170621387696117
6.55,-0.9590059469241526,4.248936826387533,3.633565413014331
6.5600000000000005,-0.9163363072088324,4.284849937770953,3.548856724167439
6.57,-0.8733117917342924,4.319909995697714,3.462958494352227
6.58,-0.8299409901331165,4.35410521864207,3.375893570559365
6.59,-0.7862326087038072,4.387424055641912,3.2876852172843094
6.6000000000000005,-0.7421954680843982,4.419855190436335,3.198357109007463
6.61,-0.6978385008850709,4.451387545527256,3.107933322519786
6.62,-0.6531707492805404,4.4820102861635025,3.016438329096615
6.63,-0.6082013625629941,4.511712824245913,2.923896986522504
6.640000000000001,-0.5629395946563811,4.540484822151937,2.830334530969976
6.65,-0.5173948015928641,4.568316196478313,2.735776568735104
6.66,-0.47157643895225954,4.595197121700398,2.6402490678329094
6.67,-0.42549405926530715,4.6211180337467574,2.5437783494556383
6.68,-0.3791573093816234,4.646069633487674,2.4463910792969883
6.69,-0.3325759278032053,4.670042890136231,2.3481142587454507
6.7,-0.285759741984366,4.693029044560699,2.2489752159499643
6.71,-0.23871866559899543,4.715019612506946,2.1490015967611207
6.72,-0.1914626957760518,4.736006387729653,2.048221355551238
6.73,-0.14400191030420173,4.755981445031141,1.9466627459166304
6.74,-0.09634646480653916,4.774937143206643,1.844354311265472
6.75,-0.048506589886323864,4.792866127894901,1.7413248752946937
6.76,-0.0004925882446919841,4.8097613343329835,1.6376035323593943
6.7700000000000005,0.047685168228698324,4.825615990014285,1.533219637738274
6.78,0.09601624139111281,4.840423617248665,1.4282027977986749
6.79,0.1444901298072951,4.854178035623759,1.3225828600648097
6.8,0.19309627173413552,4.866873364366495,1.2163899031928338
6.8100000000000005,0.24182404812845254,4.878504024603915,1.1096542268564273
6.82,0.29066278567687504,4.889064741522419,1.0024063415466107
6.83,0.33960175984680574,4.898550546424596,0.8946769582895249
6.84,0.38863019795743753,4.906956778682835,0.7864969782859649
6.8500000000000005,0.4377372822697864,4.914279087588956,0.6778974824764764
6.86,0.4869121530946983,4.92051343409914,0.5689097210358526
6.87,0.5361439119177782,4.925656092473463,0.45956510280088647
6.88,0.5854216245401852,4.9297036518093895,0.3498951846352931
6.890000000000001,0.6347343242342298,4.932653017468623,0.23993166073570293
6.9,0.6840710149127043,4.934501412396733,0.1297063518826802
6.91,0.7334206743108701,4.935246378335031,0.019251194640713676
6.92,0.7827722571800246,4.93488577692422,-0.09140176948881584
6.93,0.8321146984915601,4.933417790699339,-0.202220404957701
6.94,0.8814369166504273,4.930840923975625,-0.3131724930999855
6.95,0.9307278167169116,4.927154003624888,-0.42422574309600436
6.96,0.9799762936356221,4.922356179742106,-0.5353478029673626
6.97,1.0291712354705984,4.916446926201922,-0.6465062705987541
6.98,1.0783015266454297,4.909426041104801,-0.7576687047825772
6.99,1.1273560511872838,4.90129364711266,-0.8688026362822383
7.0,1.1763236959737382,4.892050191673771,-0.9798755789100735
7.01,1.2251933539813065,4.881696447136841,-1.090855040615769
7.0200000000000005,1.2739539275345504,4.870233510754166,-1.2017085345811882
7.03,1.32259433155467,4.857662804573824,-1.3124035903174922
7.04,1.37110349680646,4.843986075220903,-1.4229077647604575
7.05,1.4194703731425227,4.829205393567802,-1.5331886533598613
7.0600000000000005,1.4676839327436322,4.813323154293682,-1.643213901158846
7.07,1.5157331733541368,4.796342075333193,-1.75295121385914
7.08,1.5636071215112974,4.778265197214638,-1.8623683688680628
7.09,1.6112948357674541,4.759095882287771,-1.971433226323183
7.1000000000000005,1.6587854099039219,4.738837813841484,-2.0801137400905803
7.11,1.7060679761355115,4.71749499511165,-2.188377968732598
7.12,1.7531317083045828,4.695071748179468,-2.2961940864410666
7.13,1.7999658250635346,4.67157271276066,-2.403530393931891
7.140000000000001,1.846559593044643,4.647002844885932,-2.510355329297012
7.15,1.8929023300161611,4.621367415473151,-2.6166374788096727
7.16,1.9389834080236032,4.59467200879171,-2.722345587679031
7.17,1.9847922565151344,4.566922520819622,-2.8274485707500916
7.18,2.0303183654499968,4.538125157493911,-2.9319155231450007
7.19,2.0755512883889096,4.508286432854886,-3.0357157308417735
7.2,2.1204806455653844,4.4774131670849675,-3.1388186811865033
7.21,2.165096126936902,4.445512484442736,-3.241194073335187
7.22,2.209387495214912,4.412591811092933,-3.3428118286212705
7.23,2.2533445888726127,4.378658872833174,-3.443642100845072
7.24,2.296957325129486,4.3437216927181685,-3.543655286481283
7.25,2.340215702911566,4.307788588582296,-3.6428220348007594
7.26,2.3831098057864284,4.270868170461409,-3.741113257902838
7.2700000000000005,2.425629804871897,4.232969337914769,-3.838500140654475
7.28,2.467765961717476,4.194101277248081,-3.934954150532511
7.29,2.5095086311575203,4.1542734586386,-4.030447047365439
7.3,2.550848264135173,4.113495633163333,-4.124950892971038
7.3100000000000005,2.591775410496104,4.071777829731412,-4.218438060686317
7.32,2.632280721751097,4.029130351921709,-4.3108812447862475
7.33,2.6723549538065448,3.985563774726842,-4.402253469787788
7.34,2.7119889696619226,3.941088941204725,-4.492528099635761
7.3500000000000005,2.751173742073316,3.8957169590388636,-4.581678846767187
7.36,2.789900356182104,3.8494591970086334,-4.669679781050703
7.37,2.828160012107898,3.802327281370797,-4.756505338597808
7.38,2.8659440275048578,3.754333092153566,-4.842130330442625
7.390000000000001,2.9032438400805196,3.7054887593645374,-4.926529951087004
7.4,2.9400510100762722,3.6558066591138614,-5.009679786907796
7.41,2.976357222708653,3.6052994096540427,-5.091555824423219
7.42,3.012154290570627,3.5539798673377923,-5.172134458415233
7.43,3.0474341559920433,3.5018611224953906,-5.251392499904949
7.44,3.082188893358467,3.4489564952330416,-5.3293071839781385
7.45,3.1164107113876076,3.3952795311537343,-5.40585617745793
7.46,3.1500919553625724,3.340843997002153,-5.481017586421914
7.47,3.1832251093211985,3.285663876235205,-5.554769963560849
7.48,3.2158027982007242,3.2297533645197674,-5.6270923153762915
7.49,3.2478177899370793,3.17312686515927,-5.69796410921449
7.5,3.279262997518093,3.1157989844507723,-5.76736528013397
7.51,3.3101314809899343,3.057784526974205,-5.835276237604296
7.5200000000000005,3.3404164494161077,2.9990984908154776,-5.901677872033536
7.53,3.370111262788362,2.9397560627251798,-5.966551561122063
7.54,3.3992094338888665,2.8797726132146204,-6.029879176040364
7.55,3.427704630103046,2.8191636915909806,-6.091643087428588
7.5600000000000005,3.455590675182467,2.7579450209333696,-6.1518261712156646
7.57,3.482861550957199,2.6961324930116013,-6.210411814255856
7.58,3.5095113989970823,2.633742163149526,-6.267383919780709
7.59,3.5355345222213614,2.5707902450347753,-6.322726912664411
7.6000000000000005,3.5609253864561556,2.507293105476793,-6.376425744500656
7.61,3.585678621939259,2.4432672591150473,-6.428465898489169
7.62,3.6097890247717803,2.3787293630793402,-6.478833394130147
7.63,3.6332515583161578,2.313696211604134,-6.527514791724891
7.640000000000001,3.65606135454009,2.2481847305988527,-6.574497196681054
7.65,3.678213715305963,2.182211972176112,-6.619768263620913
7.66,3.699704113605355,2.1157951091398575,-6.663316200291251
7.67,3.720528194738231,2.048951429435401,-6.705129771273409
7.68,3.7406817774364547,1.9816983305633655,-6.745198301492212
7.69,3.760160854931269,1.9140533139595448,-6.783511679522543
7.7,3.7789615959644123,1.8460339793427196,-6.820060360692365
7.71,3.7970803457425624,1.7776580190324638,-6.854835369981146
7.72,3.814513626834815,1.7089432122389927,-6.887828304712646
7.73,3.831258140012931,1.639907419327117,-6.919031337041165
7.74,3.847310765034103,1.5705685760563701,-6.948437216230374
7.75,3.86266856136601,1.500944687799387,-6.976039270723977
7.76,3.877328768853958,1.431053823740621,-7.0018314100075
7.7700000000000005,3.89128880832992,1.3609141110574887,-7.025808126260611
7.78,3.9045462821633024,1.2905437290860424,-7.047964495799404
7.79,3.9170989747533045,1.219960903473271,-7.068296180308222
7.8,3.928944852962743,1.1491839003181363,-7.086799427860651
7.8100000000000005,3.9400820664932366,1.078231020303456,-7.103471073729357
7.82,3.9505089482016733,1.0071205928207436,-7.118308540984578
7.83,3.960224014357901,0.935870970090122,-7.131309840881139
7.84,3.9692259648436,0.8645005212774234,-7.1424735730339295
7.8500000000000005,3.977513683292323,0.7930276266105929,-7.1517989253818675
7.86,3.985086237170701,0.7214706714975092,-7.159285673940467
7.87,3.9919428778008488,0.649848040647336,-7.164934182343192
7.88,3.9980830403240035,0.5781781121975147,-7.168745401171873
7.890000000000001,4.003506343605477,0.5064792518485063,-7.170720867076522
7.9,4.008212590080998,0.4347698070083865,-7.170862701684978
7.91,4.012201765544559,0.363068100949393,-7.1691736103029085
7.92,4.015474038877904,0.29139242697851847,-7.165656880404725
7.930000000000001,4.018029761721787,0.2197610426242373,-7.16031637991611
7.94,4.019869468089203,0.1481921638414458,-7.1531565552888665
7.95,4.020993873920756,0.07670395923668878,-7.144182429368965
7.96,4.021403876582395,0.005314544315736386,-7.133399599058625
7.97,4.021100554305747,-0.06595802424443477,-7.120814232773482
7.98,4.0200851655712935,-0.13709575429721135,-7.10643306769584
7.99,4.018359148434683,-0.2080807238994311,-7.090263406825191
8.0,4.015924119796452,-0.2788950869539669,-7.0723131158271695
8.01,4.012781874615491,-0.34952107881979827,-7.052590619682283
8.02,4.0089343850665715,-0.4199410218875741,-7.031104899135725
8.03,4.004383799642306,-0.49013733111868557,-7.007865486949765
8.040000000000001,3.9991324421999033,-0.5600925195458817,-6.98288246396019
8.05,3.9931828109531193,-0.6297892037334762,-6.95616645493841
8.06,3.9865375774098166,-0.699210109195211,-6.927728624260865
8.07,3.979199585255564,-0.7683380757678565,-6.897580671387502
8.08,3.9711718491837296,-0.8371560629386511,-6.865734826151087
8.09,3.9624575536725395,-0.9056471551246942,-6.832203843859272
8.1,3.953060051709588,-0.9737945669024326,-6.797001000211331
8.11,3.9429828634643123,-1.041581648185396,-6.760140086031597
8.120000000000001,3.9322296749089554,-1.1089918893483581,-6.721635401821684
8.13,3.9208043363885627,-1.1760089262961249,-6.68150175213367
8.14,3.9087108611405754,-1.2426165454751659,-6.639754439766404
8.15,3.8959534237646,-1.308798688826336,-6.596409259787306
8.16,3.8825363586429527,-1.3745394586769522,-6.551482493381952
8.17,3.8684641583125945,-1.439823122570513,-6.504990901533882
8.18,3.8537414717890863,-1.5046341180323808,-6.456951718537127
8.19,3.8383731028432146,-1.568957057269761,-6.407382645343977
8.2,3.8223640082309536,-1.6327767318043471,-6.356301842750611
8.21,3.805719295877443,-1.6960781170360213,-6.303727924423249
8.22,3.788444223015681,-1.7588463767360323,-6.249679949767573
8.23,3.770544194280647,-1.821066867468094,-6.194177416644143
8.24,3.7520247597595717,-1.8827251429358811,-6.137240253932741
8.25,3.732891612999119,-1.943806958255423,-6.078888813948456
8.26,3.7131505889702137,-2.004298274150931,-6.019143864712522
8.27,3.692807661991308,-2.064185261072622,-5.958026582080872
8.28,3.671868943610862,-2.1234543032351234,-5.895558541733516
8.290000000000001,3.6503406804498417,-2.1820920025750956,-5.831761711027808
8.3,3.6282292520050556,-2.2400851826267147,-5.766658440718805
8.31,3.6055411684141463,-2.2974208923137103,-5.70027145654988
8.32,3.5822830681830893,-2.354086409656673,-5.632623850716913
8.33,3.5584617158770446,-2.4100692453943866,-5.563739073209303
8.34,3.5340839997754308,-2.4653571465179667,-5.493640923031194
8.35,3.5091569294920992,-2.519938099716629,-5.422353539306287
8.36,3.483687633561497,-2.573800334733936,-5.349901392269688
8.370000000000001,3.4576833569917182,-2.6269323276334124,-5.276309274150253
8.38,3.4311514587853593,-2.6793228039724526,-5.201602289946987
8.39,3.4040994094290964,-2.7309607418834743,-5.125805848102992
8.4,3.3765347883529193,-2.781835375061317,-5.048945651080619
8.41,3.3484652813599642,-2.8319361956559126,-4.97104768584142
8.42,3.319898678027899,-2.881252957069292,-4.892138214234568
8.43,3.2908428690828178,-2.9297756766560386,-4.812243763297454
8.44,3.26130584374662,-2.9774946383263194,-4.731391115472171
8.45,3.2312956870588465,-3.0244003950506797,-4.649607298741653
8.46,3.200820577173966,-3.0704837712658106,-4.56691957668926
8.47,3.1698887826351,-3.1157358651805467,-4.483355438485623
8.48,3.138508659625188,-3.1601480509813844,-4.3989425888065545
8.49,3.1066886491966064,-3.203711980936851,-4.313708937685943
8.5,3.074437274480249,-3.2464195874000925,-4.227682590307478
8.51,3.041763137875095,-3.2882630847090906,-4.140891836739118
8.52,3.0086749182192873,-3.329234970983954,-4.053365141614231
8.53,2.9751813679437573,-3.369328029820772,-3.965131133763361
8.540000000000001,2.9412913102094262,-3.408535331881551,-3.876218595800551
8.55,2.907013636029032,-3.4468502363798086,-3.78665645366824
8.56,2.872357301374624,-3.4842663924614263,-3.696473766144671
8.57,2.8373313242717693,-3.5207777404804,-3.6056997143178533
8.58,2.8019447818815357,-3.556378513169184,-3.51436359103007
8.59,2.7662068075712933,-3.591063236703351,-3.422494790296943
8.6,2.730126587975402,-3.624826731660326,-3.330122796705094
8.61,2.6937133600468415,-3.657664113872015,-3.237277174792421
8.620000000000001,2.6569764081008453,-3.689570795171157,-3.143987558415029
8.63,2.619925060851605,-3.7205424840313044,-3.0502836401048654
8.64,2.582568688443105,-3.7505751861003436,-2.956195160422056
8.65,2.5449166994751553,-3.7796652046275323,-2.861751897306031
8.66,2.506978538025687,-3.8078091407840584,-2.766983655429439
8.67,2.4687636806703726,-3.8350038938771682,-2.671920255558893
8.68,2.4302816335006385,-3.8612466614579533,-2.5765915239265613
8.69,2.391541929141131,-3.8865349393229245,-2.4810272816166434
8.700000000000001,2.3525541237676935,-3.9108665214095417,-2.385257333970704
8.71,2.3133277941269244,-3.9342394995859076,-2.2893114600159166
8.72,2.273872534558359,-3.9566522633348753,-2.1932194019201248
8.73,2.2341979540203414,-3.978103499332857,-2.097010854477782
8.74,2.194313673120633,-3.998592190923663,-2.0007154546306642
8.75,2.154229321152805,-4.01811761748774,-1.904362771027324
8.76,2.1139545331394594,-4.03667935370721,-1.807982293625206
8.77,2.07349894688332,-4.054277268727161,-1.7116034233393211
8.78,2.032872200027228,-4.070911525213681,-1.615255461741381
8.790000000000001,1.9920839271240676,-4.086582578309137,-1.5189676008132205
8.8,1.9511437567176553,-4.101291174485291,-1.4227689127583933
8.81,1.9100613084356024,-4.115038350294826,-1.3266883398756915
8.82,1.8688461900951696,-4.127825431021943,-1.23075468449843
8.83,1.8275079948231165,-4.1396540292326875,-1.1349965990032205
8.84,1.786056298190547,-4.1505260432257325,-1.0394425758919623
8.85,1.744500655363741,-4.160443655384358,-0.9441209379507587
8.86,1.702850598271957,-4.169409330430423,-0.8490598284894046
8.870000000000001,1.661115632793182,-4.17742581358115,-0.7542872016650843
8.88,1.6193052359587954,-4.184496128609579,-0.6598308128938748
8.89,1.5774288531781064,-4.190623575809595,-0.5657182093535842
8.9,1.5354958954837155,-4.195811729866454,-0.471976720581484
8.91,1.4935157367986371,-4.200064437633774,-0.3786334491703722
8.92,1.4514977112261178,-4.203385815817993,-0.28571526156643
8.93,1.409451110363067,-4.205780248571327,-0.1932487789722548
8.94,1.3673851806380117,-4.207252384994305,-0.10126036835842278
8.950000000000001,1.3253091206744743,-4.2078071365489675,-0.009776133586879343
8.96,1.2832320786806577,-4.207449674383875,0.08117809335056325
8.97,1.2411631498663196,-4.206185426572094,0.17157676097544217
8.98,1.1991113738876948,-4.204020075263348,0.26139460684437354
8.99,1.1570857323213217,-4.200959553751581,0.3506066659462119
9.0,1.1150951461676093,-4.197010043459173,0.43918827897156243
9.01,1.0731484733849745,-4.192177970839126,0.5271151004516366
9.02,1.0312545064553618,-4.186470004196513,0.6143631067635069
9.03,0.9894219699819462,-4.1798930504305645,0.700908603998835
9.040000000000001,0.9476595183198078,-4.172454251698755,0.7867282356932526
9.05,0.9059757332403475,-4.1641609820043115,0.8717989904135903
9.06,0.8643791216302067,-4.155020843708565,0.9560982092002235
9.07,0.8228781132254311,-4.145041663969616,1.039603592861866
9.08,0.781481058381612,-4.134231491108808,1.1222932091201983
9.09,0.740196225880716,-4.122598590906501,1.204145499601771
9.1,0.6990318007753052,-4.110151442828717,1.2851392866747033
9.11,0.6579958822708296,-4.0968987361861915,1.3652537801277362
9.120000000000001,0.6170964816466599,-4.082849366227441,1.444468583689286
9.13,0.5763415202165135,-4.0680124301674425,1.5227637013841961
9.14,0.5357388273289092,-4.052397223153575,1.6001195437259454
9.15,0.49529613840826764,-4.036013234170461,1.6765169337421497
9.16,0.45502109303726374,-4.018870141885405,1.751937112831262
9.17,0.41492123308101364,-4.000977810436108,1.826361746448423
9.18,0.37500400085366614,-3.9823462851623925,1.8997729296185062
9.19,0.33527673732794966,-3.9629857882836683,1.972153192274464
9.200000000000001,0.2957466803882086,-3.942906714523893,2.043485504419139
9.21,0.2564209631274452,-3.922119626685808,2.113753281108798
9.22,0.21730661218886518,-3.900635251176234,2.182940387256691
9.23,0.17841054615240742,-3.878464473484239,2.2510311422550338
9.24,0.13973957396672038,-3.8556183336140037,2.318010324413875
9.25,0.10130039342702844,-3.832108021474215,2.3838631752153683
9.26,0.06309958969931412,-3.807944872225849,2.448575403382076
9.27,0.025143633891222573,-3.783140361590204,2.512133188757969
9.28,-0.012561118329923189,-3.757706101119068,2.574523186000889
9.290000000000001,-0.05000842807162732,-3.7316538334289078,2.635732528085296
9.3,-0.08719217450289614,-3.7049954274009815,2.695748829614223
9.31,-0.12410635609275175,-3.677742873349295,2.7545601899393946
9.32,-0.16074509180027255,-3.649908278158314,2.8121551960885895
9.33,-0.1971026222158676,-3.621503860392376,2.8685229254993785
9.34,-0.23317331065351182,-3.5925419453787315,2.92365294855844
9.35,-0.2689516441936876,-3.5630349602661697,2.9775353309457477
9.36,-0.3044322346767991,-3.5329954290611805,3.030160635783001
9.370000000000001,-0.33960981964684356,-3.502435967643612,3.0815199255857273
9.38,-0.3744792632451455,-3.4713692787637926,3.1316047640186087
9.39,-0.40903555705397693,-3.4398081470230832,3.180407217453574
9.4,-0.44327382088990885,-3.4077654338398378,3.2279198563304012
9.41,-0.4771893035467578,-3.3752540724027456,3.2741357563195383
9.42,-0.5107773834880106,-3.3422870626135355,3.3190484992869935
9.43,-0.5440335694886314,-3.3088774660210207,3.362652174061197
9.44,-0.576953501226174,-3.275038400748465,3.404941377001835
9.450000000000001,-0.6095329498211429,-3.2407830364162518,3.445911212370702
9.46,-0.6417678183265659,-3.206124589061832,3.48555729250476
9.47,-0.6736541421667601,-3.1710763160589326,3.5238757377915455
9.48,-0.7051880895252954,-3.1356515110379926,3.5608631764473246
9.49,-0.7363659616821762,-3.099863498809809,3.596516744098298
9.5,-0.7671841933002839,-3.063725630294349,3.6308340831653436
9.51,-0.7976393526611415,-3.0272512774566955,3.6638133420528174
9.52,-0.827728141850082,-2.990453828252084,3.695453174142034
9.53,-0.8574473968909196,-2.9533466815819747,3.7257527365900893
9.540000000000001,-0.8867940878302463,-2.9159432422631113,3.7547116889348144
9.55,-0.9157653187714905,-2.878256916011492,3.782330191506685
9.56,-0.9443583278588998,-2.8403011044431845,3.8086089036485706
9.57,-0.9725704872116224,-2.8020892000939006,3.833548981744367
9.58,-1.000399302808087,-2.7636345814592356,3.8571520770575374
9.59,-1.0278424143208962,-2.7249506080574672,3.8794203333806916
9.6,-1.0548975949024677,-2.6860506155167987,3.900356384497445
9.61,-1.0815627509216794,-2.646947910688917,3.919963351457805
9.620000000000001,-1.1078359216517886,-2.6076557667907254,3.9382448396684633
9.63,-1.1337152789099167,-2.568187418576088,3.955204935799432
9.64,-1.1591991266484098,-2.528556057539426,3.9708482045084548
9.65,-1.1842859004984014,-2.4887748271529704,3.985179684984866
9.66,-1.2089741672659242,-2.4488568181394728,3.998204887314452
9.67,-1.233262624380933,-2.4088150637821557,4.009929788667058
9.68,-1.257150099299621,-2.368662535273667,4.020360829308716
9.69,-1.2806355488604277,-2.3284121371057815,4.029504908440135
9.700000000000001,-1.303718058594156,-2.2880767025015767,4.037369379863447
9.71,-1.3263968419886272,-2.2476689888917942,4.043962047479257
9.72,-1.3486712397083327,-2.207201673437069,4.049291160615903
9.73,-1.3705407187695393,-2.166687348597698,4.053365409193194
9.74,-1.39200487167134,-2.126138517752585,4.056193918722693
9.75,-1.4130634154831454,-2.085567590868998,4.057786245146799
9.76,-1.4337161908891338,-2.044986880224727,4.05815236951895
9.77,-1.453963161190192,-2.004408596184226,4.0573026925272835
9.78,-1.4738044112638926,-1.9638448430302908,4.055248028864158
9.790000000000001,-1.4932401464830736,-1.9233076148528014,4.051999601444049
9.8,-1.5122706915935962,-1.882808791496035,4.047569035472343
9.81,-1.5308964895518746,-1.8423601345660239,4.0419683523675465
9.82,-1.5491181003227865,-1.8019732834994138,4.035209963539696
9.83,-1.5669361996385849,-1.761659751695246,4.02730666402754
9.84,-1.5843515777194481,-1.721430922711062,4.018271625997318
9.85,-1.6013651379563192,-1.6812980465247018,4.008118392105924
9.86,-1.6179778955566957,-1.6412722358631344,3.996860868731296
9.870000000000001,-1.6341909761540503,-1.6013644625996393,3.984513319072971
9.88,-1.6500056143815687,-1.5615855542206163,3.971090356125763
9.89,-1.66542315241091,-1.5219461903632827,3.9566069355294866
9.9,-1.6804450384567036,-1.4824568994254796,3.941078348297917
9.91,-1.695072825247509,-1.4431280552487786,3.9245202134299606
9.92,-1.7093081684639784,-1.4039698738760538,3.90694847040624
9.93,-1.7231528251449724,-1.3649924103846476,3.88837937157425
9.94,-1.7366086520623896,-1.3262055557962282,3.8688294744253193
9.950000000000001,-1.7496776040654822,-1.287619034064405,3.84831563376663
9.96,-1.7623617323954421,-1.2492423991411343,3.8268549937916436
9.97,-1.774663182971048,-1.2110850321229167,3.8044649800521557
9.98,-1.7865841946461778,-1.1731561384777491,3.7811632913355155
9.99,-1.7981270974399988,-1.1354647453537663,3.7569678914502957
10.0,-1.8092943107406558,-1.0980196989704685,3.73189700092391
